Series Name,Series Code,Country Name,Country Code,1960 [YR1960],1961 [YR1961],1962 [YR1962],1963 [YR1963],1964 [YR1964],1965 [YR1965],1966 [YR1966],1967 [YR1967],1968 [YR1968],1969 [YR1969],1970 [YR1970],1971 [YR1971],1972 [YR1972],1973 [YR1973],1974 [YR1974],1975 [YR1975],1976 [YR1976],1977 [YR1977],1978 [YR1978],1979 [YR1979],1980 [YR1980],1981 [YR1981],1982 [YR1982],1983 [YR1983],1984 [YR1984],1985 [YR1985],1986 [YR1986],1987 [YR1987],1988 [YR1988],1989 [YR1989],1990 [YR1990],1991 [YR1991],1992 [YR1992],1993 [YR1993],1994 [YR1994],1995 [YR1995],1996 [YR1996],1997 [YR1997],1998 [YR1998],1999 [YR1999],2000 [YR2000],2001 [YR2001],2002 [YR2002],2003 [YR2003],2004 [YR2004],2005 [YR2005],2006 [YR2006],2007 [YR2007],2008 [YR2008],2009 [YR2009],2010 [YR2010],2011 [YR2011],2012 [YR2012],2013 [YR2013],2014 [YR2014],2015 [YR2015],2016 [YR2016],2017 [YR2017],2018 [YR2018],2019 [YR2019],2020 [YR2020]
A woman can apply for a passport in the same way as a man (1=yes; 0=no),SG.APL.PSPT.EQ,Afghanistan,AFG,..,..,..,..,..,..,..,..,..,..,0,0,0,0,0,0,0,0,0,0,0,0,0,0,0,0,0,0,0,0,0,0,0,0,0,0,0,0,0,0,0,0,0,0,0,0,0,0,0,0,0,0,0,0,0,0,1,1,1,1,..
A woman can apply for a passport in the same way as a man (1=yes; 0=no),SG.APL.PSPT.EQ,Bangladesh,BGD,..,..,..,..,..,..,..,..,..,..,0,0,0,1,1,1,1,1,1,1,1,1,1,1,1,1,1,1,1,1,1,1,1,1,1,1,1,1,1,1,1,1,1,1,1,1,1,1,1,1,1,1,1,1,1,1,1,1,1,1,..
A woman can apply for a passport in the same way as a man (1=yes; 0=no),SG.APL.PSPT.EQ,Bhutan,BTN,..,..,..,..,..,..,..,..,..,..,1,1,1,1,1,1,1,1,1,1,1,1,1,1,1,1,1,1,1,1,1,1,1,1,1,1,1,1,1,1,1,1,1,1,1,1,1,1,1,1,1,1,1,1,1,1,1,1,1,1,..
A woman can apply for a passport in the same way as a man (1=yes; 0=no),SG.APL.PSPT.EQ,Maldives,MDV,..,..,..,..,..,..,..,..,..,..,1,1,1,1,1,1,1,1,1,1,1,1,1,1,1,1,1,1,1,1,1,1,1,1,1,1,1,1,1,1,1,1,1,1,1,1,1,1,1,1,1,1,1,1,1,1,1,1,1,1,..
A woman can apply for a passport in the same way as a man (1=yes; 0=no),SG.APL.PSPT.EQ,Nepal,NPL,..,..,..,..,..,..,..,..,..,..,1,1,1,1,1,1,1,1,1,1,1,1,1,1,1,1,1,1,1,1,1,1,1,1,1,1,1,1,1,1,1,1,1,1,1,1,1,1,1,1,1,1,1,1,1,1,1,1,1,1,..
A woman can apply for a passport in the same way as a man (1=yes; 0=no),SG.APL.PSPT.EQ,India,IND,..,..,..,..,..,..,..,..,..,..,1,1,1,1,1,1,1,1,1,1,1,1,1,1,1,1,1,1,1,1,1,1,1,1,1,1,1,1,1,1,1,1,1,1,1,1,1,1,1,1,1,1,1,1,1,1,1,1,1,1,..
A woman can apply for a passport in the same way as a man (1=yes; 0=no),SG.APL.PSPT.EQ,Pakistan,PAK,..,..,..,..,..,..,..,..,..,..,0,0,0,0,0,0,0,0,0,0,0,0,0,0,0,0,0,0,0,0,0,0,0,0,0,0,0,0,0,0,0,0,0,0,0,0,0,0,0,0,0,0,0,0,0,0,0,0,0,0,..
A woman can apply for a passport in the same way as a man (1=yes; 0=no),SG.APL.PSPT.EQ,Sri Lanka,LKA,..,..,..,..,..,..,..,..,..,..,1,1,1,1,1,1,1,1,1,1,1,1,1,1,1,1,1,1,1,1,1,1,1,1,1,1,1,1,1,1,1,1,1,1,1,1,1,1,1,1,1,1,1,1,1,1,1,1,1,1,..
A woman can apply for a passport in the same way as a man (1=yes; 0=no),SG.APL.PSPT.EQ,South Asia (IDA & IBRD),TSA,..,..,..,..,..,..,..,..,..,..,..,..,..,..,..,..,..,..,..,..,..,..,..,..,..,..,..,..,..,..,..,..,..,..,..,..,..,..,..,..,..,..,..,..,..,..,..,..,..,..,..,..,..,..,..,..,..,..,..,..,..
A woman can be head of household in the same way as a man (1=yes; 0=no),SG.HLD.HEAD.EQ,Afghanistan,AFG,..,..,..,..,..,..,..,..,..,..,1,1,1,1,1,1,1,1,1,1,1,1,1,1,1,1,1,1,1,1,1,1,1,1,1,1,1,1,1,1,1,1,1,1,1,1,1,1,1,1,1,1,1,1,1,1,1,1,1,1,..
A woman can be head of household in the same way as a man (1=yes; 0=no),SG.HLD.HEAD.EQ,Bangladesh,BGD,..,..,..,..,..,..,..,..,..,..,1,1,1,1,1,1,1,1,1,1,1,1,1,1,1,1,1,1,1,1,1,1,1,1,1,1,1,1,1,1,1,1,1,1,1,1,1,1,1,1,1,1,1,1,1,1,1,1,1,1,..
A woman can be head of household in the same way as a man (1=yes; 0=no),SG.HLD.HEAD.EQ,Bhutan,BTN,..,..,..,..,..,..,..,..,..,..,1,1,1,1,1,1,1,1,1,1,1,1,1,1,1,1,1,1,1,1,1,1,1,1,1,1,1,1,1,1,1,1,1,1,1,1,1,1,1,1,1,1,1,1,1,1,1,1,1,1,..
A woman can be head of household in the same way as a man (1=yes; 0=no),SG.HLD.HEAD.EQ,Maldives,MDV,..,..,..,..,..,..,..,..,..,..,1,1,1,1,1,1,1,1,1,1,1,1,1,1,1,1,1,1,1,1,1,1,1,1,1,1,1,1,1,1,1,1,1,1,1,1,1,1,1,1,1,1,1,1,1,1,1,1,1,1,..
A woman can be head of household in the same way as a man (1=yes; 0=no),SG.HLD.HEAD.EQ,Nepal,NPL,..,..,..,..,..,..,..,..,..,..,1,1,1,1,1,1,1,1,1,1,1,1,1,1,1,1,1,1,1,1,1,1,1,1,1,1,1,1,1,1,1,1,1,1,1,1,1,1,1,1,1,1,1,1,1,1,1,1,1,1,..
A woman can be head of household in the same way as a man (1=yes; 0=no),SG.HLD.HEAD.EQ,India,IND,..,..,..,..,..,..,..,..,..,..,1,1,1,1,1,1,1,1,1,1,1,1,1,1,1,1,1,1,1,1,1,1,1,1,1,1,1,1,1,1,1,1,1,1,1,1,1,1,1,1,1,1,1,1,1,1,1,1,1,1,..
A woman can be head of household in the same way as a man (1=yes; 0=no),SG.HLD.HEAD.EQ,Pakistan,PAK,..,..,..,..,..,..,..,..,..,..,1,1,1,1,1,1,1,1,1,1,1,1,1,1,1,1,1,1,1,1,1,1,1,1,1,1,1,1,1,1,1,1,1,1,1,1,1,1,1,1,1,1,1,1,1,1,1,1,1,1,..
A woman can be head of household in the same way as a man (1=yes; 0=no),SG.HLD.HEAD.EQ,Sri Lanka,LKA,..,..,..,..,..,..,..,..,..,..,1,1,1,1,1,1,1,1,1,1,1,1,1,1,1,1,1,1,1,1,1,1,1,1,1,1,1,1,1,1,1,1,1,1,1,1,1,1,1,1,1,1,1,1,1,1,1,1,1,1,..
A woman can be head of household in the same way as a man (1=yes; 0=no),SG.HLD.HEAD.EQ,South Asia (IDA & IBRD),TSA,..,..,..,..,..,..,..,..,..,..,..,..,..,..,..,..,..,..,..,..,..,..,..,..,..,..,..,..,..,..,..,..,..,..,..,..,..,..,..,..,..,..,..,..,..,..,..,..,..,..,..,..,..,..,..,..,..,..,..,..,..
A woman can choose where to live in the same way as a man (1=yes; 0=no),SG.LOC.LIVE.EQ,Afghanistan,AFG,..,..,..,..,..,..,..,..,..,..,0,0,0,0,0,0,0,0,0,0,0,0,0,0,0,0,0,0,0,0,0,0,0,0,0,0,0,0,0,0,0,0,0,0,0,0,0,0,0,0,0,0,0,0,0,0,0,0,0,0,..
A woman can choose where to live in the same way as a man (1=yes; 0=no),SG.LOC.LIVE.EQ,Bangladesh,BGD,..,..,..,..,..,..,..,..,..,..,1,1,1,1,1,1,1,1,1,1,1,1,1,1,1,1,1,1,1,1,1,1,1,1,1,1,1,1,1,1,1,1,1,1,1,1,1,1,1,1,1,1,1,1,1,1,1,1,1,1,..
A woman can choose where to live in the same way as a man (1=yes; 0=no),SG.LOC.LIVE.EQ,Bhutan,BTN,..,..,..,..,..,..,..,..,..,..,1,1,1,1,1,1,1,1,1,1,1,1,1,1,1,1,1,1,1,1,1,1,1,1,1,1,1,1,1,1,1,1,1,1,1,1,1,1,1,1,1,1,1,1,1,1,1,1,1,1,..
A woman can choose where to live in the same way as a man (1=yes; 0=no),SG.LOC.LIVE.EQ,Maldives,MDV,..,..,..,..,..,..,..,..,..,..,1,1,1,1,1,1,1,1,1,1,1,1,1,1,1,1,1,1,1,1,1,1,1,1,1,1,1,1,1,1,1,1,1,1,1,1,1,1,1,1,1,1,1,1,1,1,1,1,1,1,..
A woman can choose where to live in the same way as a man (1=yes; 0=no),SG.LOC.LIVE.EQ,Nepal,NPL,..,..,..,..,..,..,..,..,..,..,1,1,1,1,1,1,1,1,1,1,1,1,1,1,1,1,1,1,1,1,1,1,1,1,1,1,1,1,1,1,1,1,1,1,1,1,1,1,1,1,1,1,1,1,1,1,1,1,1,1,..
A woman can choose where to live in the same way as a man (1=yes; 0=no),SG.LOC.LIVE.EQ,India,IND,..,..,..,..,..,..,..,..,..,..,1,1,1,1,1,1,1,1,1,1,1,1,1,1,1,1,1,1,1,1,1,1,1,1,1,1,1,1,1,1,1,1,1,1,1,1,1,1,1,1,1,1,1,1,1,1,1,1,1,1,..
A woman can choose where to live in the same way as a man (1=yes; 0=no),SG.LOC.LIVE.EQ,Pakistan,PAK,..,..,..,..,..,..,..,..,..,..,1,1,1,1,1,1,1,1,1,1,1,1,1,1,1,1,1,1,1,1,1,1,1,1,1,1,1,1,1,1,1,1,1,1,1,1,1,1,1,1,1,1,1,1,1,1,1,1,1,1,..
A woman can choose where to live in the same way as a man (1=yes; 0=no),SG.LOC.LIVE.EQ,Sri Lanka,LKA,..,..,..,..,..,..,..,..,..,..,1,1,1,1,1,1,1,1,1,1,1,1,1,1,1,1,1,1,1,1,1,1,1,1,1,1,1,1,1,1,1,1,1,1,1,1,1,1,1,1,1,1,1,1,1,1,1,1,1,1,..
A woman can choose where to live in the same way as a man (1=yes; 0=no),SG.LOC.LIVE.EQ,South Asia (IDA & IBRD),TSA,..,..,..,..,..,..,..,..,..,..,..,..,..,..,..,..,..,..,..,..,..,..,..,..,..,..,..,..,..,..,..,..,..,..,..,..,..,..,..,..,..,..,..,..,..,..,..,..,..,..,..,..,..,..,..,..,..,..,..,..,..
A woman can get a job in the same way as a man (1=yes; 0=no),SG.GET.JOBS.EQ,Afghanistan,AFG,..,..,..,..,..,..,..,..,..,..,1,1,1,1,1,1,1,1,1,1,1,1,1,1,1,1,1,1,1,1,1,1,1,1,1,1,1,1,1,1,1,1,1,1,1,1,1,1,1,1,1,1,1,1,1,1,1,1,1,1,..
A woman can get a job in the same way as a man (1=yes; 0=no),SG.GET.JOBS.EQ,Bangladesh,BGD,..,..,..,..,..,..,..,..,..,..,1,1,1,1,1,1,1,1,1,1,1,1,1,1,1,1,1,1,1,1,1,1,1,1,1,1,1,1,1,1,1,1,1,1,1,1,1,1,1,1,1,1,1,1,1,1,1,1,1,1,..
A woman can get a job in the same way as a man (1=yes; 0=no),SG.GET.JOBS.EQ,Bhutan,BTN,..,..,..,..,..,..,..,..,..,..,1,1,1,1,1,1,1,1,1,1,1,1,1,1,1,1,1,1,1,1,1,1,1,1,1,1,1,1,1,1,1,1,1,1,1,1,1,1,1,1,1,1,1,1,1,1,1,1,1,1,..
A woman can get a job in the same way as a man (1=yes; 0=no),SG.GET.JOBS.EQ,Maldives,MDV,..,..,..,..,..,..,..,..,..,..,1,1,1,1,1,1,1,1,1,1,1,1,1,1,1,1,1,1,1,1,1,1,1,1,1,1,1,1,1,1,1,1,1,1,1,1,1,1,1,1,1,1,1,1,1,1,1,1,1,1,..
A woman can get a job in the same way as a man (1=yes; 0=no),SG.GET.JOBS.EQ,Nepal,NPL,..,..,..,..,..,..,..,..,..,..,1,1,1,1,1,1,1,1,1,1,1,1,1,1,1,1,1,1,1,1,1,1,1,1,1,1,1,1,1,1,1,1,1,1,1,1,1,1,1,1,1,1,1,1,1,1,1,1,1,1,..
A woman can get a job in the same way as a man (1=yes; 0=no),SG.GET.JOBS.EQ,India,IND,..,..,..,..,..,..,..,..,..,..,1,1,1,1,1,1,1,1,1,1,1,1,1,1,1,1,1,1,1,1,1,1,1,1,1,1,1,1,1,1,1,1,1,1,1,1,1,1,1,1,1,1,1,1,1,1,1,1,1,1,..
A woman can get a job in the same way as a man (1=yes; 0=no),SG.GET.JOBS.EQ,Pakistan,PAK,..,..,..,..,..,..,..,..,..,..,1,1,1,1,1,1,1,1,1,1,1,1,1,1,1,1,1,1,1,1,1,1,1,1,1,1,1,1,1,1,1,1,1,1,1,1,1,1,1,1,1,1,1,1,1,1,1,1,1,1,..
A woman can get a job in the same way as a man (1=yes; 0=no),SG.GET.JOBS.EQ,Sri Lanka,LKA,..,..,..,..,..,..,..,..,..,..,1,1,1,1,1,1,1,1,1,1,1,1,1,1,1,1,1,1,1,1,1,1,1,1,1,1,1,1,1,1,1,1,1,1,1,1,1,1,1,1,1,1,1,1,1,1,1,1,1,1,..
A woman can get a job in the same way as a man (1=yes; 0=no),SG.GET.JOBS.EQ,South Asia (IDA & IBRD),TSA,..,..,..,..,..,..,..,..,..,..,..,..,..,..,..,..,..,..,..,..,..,..,..,..,..,..,..,..,..,..,..,..,..,..,..,..,..,..,..,..,..,..,..,..,..,..,..,..,..,..,..,..,..,..,..,..,..,..,..,..,..
A woman can travel outside her home in the same way as a man (1=yes; 0=no),SG.HME.TRVL.EQ,Afghanistan,AFG,..,..,..,..,..,..,..,..,..,..,0,0,0,0,0,0,0,0,0,0,0,0,0,0,0,0,0,0,0,0,0,0,0,0,0,0,0,0,0,0,0,0,0,0,0,0,0,0,0,0,0,0,0,0,0,0,0,0,0,0,..
A woman can travel outside her home in the same way as a man (1=yes; 0=no),SG.HME.TRVL.EQ,Bangladesh,BGD,..,..,..,..,..,..,..,..,..,..,1,1,1,1,1,1,1,1,1,1,1,1,1,1,1,1,1,1,1,1,1,1,1,1,1,1,1,1,1,1,1,1,1,1,1,1,1,1,1,1,1,1,1,1,1,1,1,1,1,1,..
A woman can travel outside her home in the same way as a man (1=yes; 0=no),SG.HME.TRVL.EQ,Bhutan,BTN,..,..,..,..,..,..,..,..,..,..,1,1,1,1,1,1,1,1,1,1,1,1,1,1,1,1,1,1,1,1,1,1,1,1,1,1,1,1,1,1,1,1,1,1,1,1,1,1,1,1,1,1,1,1,1,1,1,1,1,1,..
A woman can travel outside her home in the same way as a man (1=yes; 0=no),SG.HME.TRVL.EQ,Maldives,MDV,..,..,..,..,..,..,..,..,..,..,1,1,1,1,1,1,1,1,1,1,1,1,1,1,1,1,1,1,1,1,1,1,1,1,1,1,1,1,1,1,1,1,1,1,1,1,1,1,1,1,1,1,1,1,1,1,1,1,1,1,..
A woman can travel outside her home in the same way as a man (1=yes; 0=no),SG.HME.TRVL.EQ,Nepal,NPL,..,..,..,..,..,..,..,..,..,..,1,1,1,1,1,1,1,1,1,1,1,1,1,1,1,1,1,1,1,1,1,1,1,1,1,1,1,1,1,1,1,1,1,1,1,1,1,1,1,1,1,1,1,1,1,1,1,1,1,1,..
A woman can travel outside her home in the same way as a man (1=yes; 0=no),SG.HME.TRVL.EQ,India,IND,..,..,..,..,..,..,..,..,..,..,1,1,1,1,1,1,1,1,1,1,1,1,1,1,1,1,1,1,1,1,1,1,1,1,1,1,1,1,1,1,1,1,1,1,1,1,1,1,1,1,1,1,1,1,1,1,1,1,1,1,..
A woman can travel outside her home in the same way as a man (1=yes; 0=no),SG.HME.TRVL.EQ,Pakistan,PAK,..,..,..,..,..,..,..,..,..,..,1,1,1,1,1,1,1,1,1,1,1,1,1,1,1,1,1,1,1,1,1,1,1,1,1,1,1,1,1,1,1,1,1,1,1,1,1,1,1,1,1,1,1,1,1,1,1,1,1,1,..
A woman can travel outside her home in the same way as a man (1=yes; 0=no),SG.HME.TRVL.EQ,Sri Lanka,LKA,..,..,..,..,..,..,..,..,..,..,1,1,1,1,1,1,1,1,1,1,1,1,1,1,1,1,1,1,1,1,1,1,1,1,1,1,1,1,1,1,1,1,1,1,1,1,1,1,1,1,1,1,1,1,1,1,1,1,1,1,..
A woman can travel outside her home in the same way as a man (1=yes; 0=no),SG.HME.TRVL.EQ,South Asia (IDA & IBRD),TSA,..,..,..,..,..,..,..,..,..,..,..,..,..,..,..,..,..,..,..,..,..,..,..,..,..,..,..,..,..,..,..,..,..,..,..,..,..,..,..,..,..,..,..,..,..,..,..,..,..,..,..,..,..,..,..,..,..,..,..,..,..
"Adjusted net enrollment rate, primary, female (% of primary school age children)",SE.PRM.TENR.FE,Afghanistan,AFG,..,..,..,..,..,..,..,..,..,..,..,..,..,..,8.47242,..,..,..,..,..,..,..,..,..,..,..,..,..,..,..,..,..,..,13.69764,..,..,..,..,..,..,..,..,..,..,..,..,..,..,..,..,..,..,..,..,..,..,..,..,..,..,..
"Adjusted net enrollment rate, primary, female (% of primary school age children)",SE.PRM.TENR.FE,Bangladesh,BGD,..,..,..,..,..,..,..,..,..,..,34.56778,..,..,50.74888,..,..,..,54.57236,53.73746,..,..,55.53359,..,49.21855,52.90903,51.44759,51.01904,50.24342,64.54924,64.80315,68.95354,..,..,..,..,..,..,..,..,..,..,..,..,..,..,..,..,..,96.95468,..,..,..,..,..,..,..,..,..,..,..,..
"Adjusted net enrollment rate, primary, female (% of primary school age children)",SE.PRM.TENR.FE,Bhutan,BTN,..,..,..,..,..,..,..,..,..,..,..,..,..,..,..,..,..,..,13.23909,15.59164,..,..,..,..,..,..,..,..,..,..,..,..,..,..,..,..,..,..,50.22886,51.54562,54.78779,57.79673,..,..,..,70.34667,74.82616,..,81.56659,86.52828,89.16829,90.50276,92.8337,92.17162,..,91.41402,90.67862,90.30842,90.79405,..,..
"Adjusted net enrollment rate, primary, female (% of primary school age children)",SE.PRM.TENR.FE,Maldives,MDV,..,..,..,..,..,..,..,..,..,..,..,..,..,..,..,..,..,..,..,..,..,..,..,..,..,..,..,..,..,..,..,..,..,..,..,..,..,93.36998,..,95.77071,97.50161,..,98.51924,..,..,..,..,..,..,..,..,..,..,..,..,..,97.00251,96.42033,..,..,..
"Adjusted net enrollment rate, primary, female (% of primary school age children)",SE.PRM.TENR.FE,Nepal,NPL,..,..,..,..,..,..,..,..,..,..,..,..,..,..,..,..,..,..,..,..,..,..,..,34.35866,36.41195,..,..,..,43.01383,..,..,..,..,..,..,..,..,..,..,57.01923,64.11549,..,..,73.99543,74.78198,..,..,..,..,..,..,..,..,..,..,..,..,..,..,..,..
"Adjusted net enrollment rate, primary, female (% of primary school age children)",SE.PRM.TENR.FE,India,IND,..,..,..,..,..,..,..,..,..,..,..,47.9378,..,..,..,..,..,..,..,..,..,..,..,..,..,..,..,..,..,..,65.57641,..,..,..,..,..,..,..,..,..,77.07076,77.7552,78.12586,87.68983,..,..,..,96.57433,97.99402,97.21073,97.48202,97.42634,97.91645,98.56772,..,..,..,..,..,..,..
"Adjusted net enrollment rate, primary, female (% of primary school age children)",SE.PRM.TENR.FE,Pakistan,PAK,..,..,..,..,..,..,..,..,..,..,..,..,..,..,..,..,..,..,..,..,..,..,..,..,..,..,..,..,..,..,..,..,..,..,..,..,..,..,..,..,..,..,44.56638,47.51588,54.43763,58.36306,53.48415,58.72754,59.20603,60.11687,60.55766,58.12014,58.22598,62.58336,60.37147,56.42743,60.47581,60.35115,62.09417,..,..
"Adjusted net enrollment rate, primary, female (% of primary school age children)",SE.PRM.TENR.FE,Sri Lanka,LKA,..,..,..,..,..,..,..,..,..,..,..,..,..,..,..,..,..,..,..,..,..,..,..,..,..,..,..,..,..,..,..,..,..,..,..,..,..,..,..,..,..,..,..,99.71701,..,97.17991,96.39743,95.92436,94.98211,92.58173,94.03663,94.00184,94.26084,95.53502,96.52967,..,..,..,..,..,..
"Adjusted net enrollment rate, primary, female (% of primary school age children)",SE.PRM.TENR.FE,South Asia (IDA & IBRD),TSA,..,..,..,..,..,..,..,..,..,..,..,..,..,..,..,..,..,..,..,..,..,..,..,..,..,..,..,..,..,..,..,..,..,..,..,..,..,..,..,..,..,..,..,..,..,..,..,..,..,..,..,..,..,..,..,..,90.9288,90.71958,90.74347,..,..
"Adjusted net enrollment rate, primary, male (% of primary school age children)",SE.PRM.TENR.MA,Afghanistan,AFG,..,..,..,..,..,..,..,..,..,..,..,..,..,..,44.56145,..,..,..,..,..,..,..,..,..,..,..,..,..,..,..,..,..,..,38.79503,..,..,..,..,..,..,..,..,..,..,..,..,..,..,..,..,..,..,..,..,..,..,..,..,..,..,..
"Adjusted net enrollment rate, primary, male (% of primary school age children)",SE.PRM.TENR.MA,Bangladesh,BGD,..,..,..,..,..,..,..,..,..,..,68.03136,..,..,92.4553,..,..,..,91.1119,89.93608,..,..,81.20033,..,81.42338,75.62422,73.93182,72.72791,71.73678,79.01743,78.7201,80.65551,..,..,..,..,..,..,..,..,..,..,..,..,..,..,..,..,..,94.54157,..,..,..,..,..,..,..,..,..,..,..,..
"Adjusted net enrollment rate, primary, male (% of primary school age children)",SE.PRM.TENR.MA,Bhutan,BTN,..,..,..,..,..,..,..,..,..,..,..,..,..,..,..,..,..,..,30.65911,33.90792,..,..,..,..,..,..,..,..,..,..,..,..,..,..,..,..,..,..,57.60078,58.11055,60.4271,62.76982,..,..,..,70.11571,73.8074,..,79.22421,83.84423,85.93596,87.44317,90.15238,89.7579,..,88.89096,88.77117,89.10776,89.35873,..,..
"Adjusted net enrollment rate, primary, male (% of primary school age children)",SE.PRM.TENR.MA,Maldives,MDV,..,..,..,..,..,..,..,..,..,..,..,..,..,..,..,..,..,..,..,..,..,..,..,..,..,..,..,..,..,..,..,..,..,..,..,..,..,93.98599,..,96.04359,96.70859,..,97.25004,..,..,..,..,..,..,..,..,..,..,..,..,..,95.62514,94.49671,..,..,..
"Adjusted net enrollment rate, primary, male (% of primary school age children)",SE.PRM.TENR.MA,Nepal,NPL,..,..,..,..,..,..,..,..,..,..,..,..,..,..,..,..,..,..,..,..,..,..,..,82.34021,82.70842,..,..,..,88.13945,..,..,..,..,..,..,..,..,..,..,74.36852,79.79181,..,..,85.46931,85.96715,..,..,..,..,..,..,..,..,..,..,..,..,..,..,..,..
"Adjusted net enrollment rate, primary, male (% of primary school age children)",SE.PRM.TENR.MA,India,IND,..,..,..,..,..,..,..,..,..,..,..,73.20033,..,..,..,..,..,..,..,..,..,..,..,..,..,..,..,..,..,..,87.70998,..,..,..,..,..,..,..,..,..,89.95597,89.21465,88.54219,89.15205,..,..,..,96.98103,95.8157,94.04728,94.90825,94.19646,96.1601,96.99684,..,..,..,..,..,..,..
"Adjusted net enrollment rate, primary, male (% of primary school age children)",SE.PRM.TENR.MA,Pakistan,PAK,..,..,..,..,..,..,..,..,..,..,..,..,..,..,..,..,..,..,..,..,..,..,..,..,..,..,..,..,..,..,..,..,..,..,..,..,..,..,..,..,..,..,65.42731,65.39431,73.38222,74.95556,67.58697,70.48295,70.23056,70.35628,70.97865,67.62041,66.79996,71.82447,70.73431,66.25833,71.15868,70.26991,73.86389,..,..
"Adjusted net enrollment rate, primary, male (% of primary school age children)",SE.PRM.TENR.MA,Sri Lanka,LKA,..,..,..,..,..,..,..,..,..,..,..,..,..,..,..,..,..,..,..,..,..,..,..,..,..,..,..,..,..,..,..,..,..,..,..,..,..,..,..,..,..,..,..,99.52292,..,97.20386,96.91088,96.60765,95.82625,93.82003,95.65379,95.95224,96.20465,97.47268,98.30079,..,..,..,..,..,..
"Adjusted net enrollment rate, primary, male (% of primary school age children)",SE.PRM.TENR.MA,South Asia (IDA & IBRD),TSA,..,..,..,..,..,..,..,..,..,..,..,..,..,..,..,..,..,..,..,..,..,..,..,..,..,..,..,..,..,..,..,..,..,..,..,..,..,..,..,..,..,..,..,..,..,..,..,..,..,..,..,..,..,..,..,..,92.30092,91.95629,92.60965,..,..
"Contributing family workers, female (% of female employment) (modeled ILO estimate)",SL.FAM.WORK.FE.ZS,Afghanistan,AFG,..,..,..,..,..,..,..,..,..,..,..,..,..,..,..,..,..,..,..,..,..,..,..,..,..,..,..,..,..,..,..,89.7519989013672,88.8980026245117,89.0650024414063,87.6650009155273,84.2799987792969,87.8759994506836,87.6920013427734,87.4779968261719,87.2639999389648,86.9769973754883,86.5009994506836,83.3310012817383,87.4560012817383,87.7020034790039,87.0619964599609,87.4599990844727,87.2819976806641,87.7779998779297,86.1859970092773,86.1119995117188,84.5339965820313,82.5270004272461,80.9700012207031,78.5830001831055,75.7259979248047,72.2939987182617,68.609001159668,67.8399963378906,67.2900009155273,66.7389984130859
"Contributing family workers, female (% of female employment) (modeled ILO estimate)",SL.FAM.WORK.FE.ZS,Bangladesh,BGD,..,..,..,..,..,..,..,..,..,..,..,..,..,..,..,..,..,..,..,..,..,..,..,..,..,..,..,..,..,..,..,72.3089981079102,71.7799987792969,71.2880020141602,70.6620025634766,70.0459976196289,69.3970031738281,68.7300033569336,68.1139984130859,67.4010009765625,66.7210006713867,66.036003112793,65.0800018310547,64.0510025024414,63.2709999084473,62.5309982299805,61.4990005493164,61.6669998168945,61.701000213623,61.5429992675781,60.8429985046387,57.2529983520508,53.7280006408691,50.2400016784668,46.5099983215332,42.8479995727539,39.2789993286133,29.9409999847412,29.0739994049072,28.1840000152588,27.3330001831055
"Contributing family workers, female (% of female employment) (modeled ILO estimate)",SL.FAM.WORK.FE.ZS,Bhutan,BTN,..,..,..,..,..,..,..,..,..,..,..,..,..,..,..,..,..,..,..,..,..,..,..,..,..,..,..,..,..,..,..,58.0120010375977,57.984001159668,57.4119987487793,57.1730003356934,56.4710006713867,56.0419998168945,55.5880012512207,55.0169982910156,54.4480018615723,53.943000793457,53.4599990844727,52.8079986572266,52.2970008850098,51.8930015563965,51.2919998168945,50.8409996032715,50.3209991455078,49.9790000915527,50.0320014953613,49.4329986572266,49.4830017089844,58.681999206543,58.2220001220703,56.1259994506836,50.1199989318848,49.4420013427734,48.818000793457,48.0989990234375,47.2929992675781,46.548999786377
"Contributing family workers, female (% of female employment) (modeled ILO estimate)",SL.FAM.WORK.FE.ZS,Maldives,MDV,..,..,..,..,..,..,..,..,..,..,..,..,..,..,..,..,..,..,..,..,..,..,..,..,..,..,..,..,..,..,..,32.2319984436035,32.1749992370605,32.076000213623,31.7779998779297,31.5370006561279,31.0359992980957,30.5930004119873,30.2399997711182,29.9409999847412,29.3929996490479,28.4150009155273,27.6359996795654,26.1200008392334,26.5310001373291,26.1580009460449,24.1070003509521,22.613000869751,20.3449993133545,18.5289993286133,16.0970001220703,14.3959999084473,12.9580001831055,11.3959999084473,10.1180000305176,6.78800010681152,4.24700021743774,4.23999977111816,4.21600008010864,4.22599983215332,4.22800016403198
"Contributing family workers, female (% of female employment) (modeled ILO estimate)",SL.FAM.WORK.FE.ZS,Nepal,NPL,..,..,..,..,..,..,..,..,..,..,..,..,..,..,..,..,..,..,..,..,..,..,..,..,..,..,..,..,..,..,..,71.4420013427734,71.4059982299805,71.2320022583008,70.8710021972656,70.8929977416992,70.4550018310547,70.0690002441406,69.7160034179688,69.1439971923828,68.6370010375977,68.2959976196289,68.2480010986328,67.7480010986328,67.4499969482422,67.2229995727539,66.9410018920898,66.6399993896484,66.2300033569336,65.9209976196289,65.4219970703125,64.7399978637695,63.8079986572266,62.8899993896484,61.8940010070801,61.1069984436035,60.5509986877441,59.7980003356934,59.4799995422363,59.1559982299805,58.8880004882813
"Contributing family workers, female (% of female employment) (modeled ILO estimate)",SL.FAM.WORK.FE.ZS,India,IND,..,..,..,..,..,..,..,..,..,..,..,..,..,..,..,..,..,..,..,..,..,..,..,..,..,..,..,..,..,..,..,35.351001739502,34.5810012817383,34.3499984741211,33.9160003662109,33.8269996643066,33.8380012512207,34.0509986877441,33.7569999694824,33.5740013122559,33.8680000305176,34.7789993286133,35.7970008850098,36.4749984741211,37.6020011901855,38.5690002441406,37.3289985656738,36.023998260498,35.193000793457,33.4990005493164,32.1430015563965,32.1790008544922,31.8799991607666,31.5639991760254,31.2590007781982,30.9930000305176,30.7430000305176,30.5289993286133,30.2119998931885,29.9640007019043,29.6070003509521
"Contributing family workers, female (% of female employment) (modeled ILO estimate)",SL.FAM.WORK.FE.ZS,Pakistan,PAK,..,..,..,..,..,..,..,..,..,..,..,..,..,..,..,..,..,..,..,..,..,..,..,..,..,..,..,..,..,..,..,62.1230010986328,61.7029991149902,61.6780014038086,60.8639984130859,61.6459999084473,60.9609985351563,53.6500015258789,62.8479995727539,62.6710014343262,49.4930000305176,49.5120010375977,46.5169982910156,46.1980018615723,52.8520011901855,52.5379981994629,57.4980010986328,60.9529991149902,63.6940002441406,63.8540000915527,65.1240005493164,62.4370002746582,61.0509986877441,59.7540016174316,54.2159996032715,54.0120010375977,56.2150001525879,53.8689994812012,51.375,51.2550010681152,50.7700004577637
"Contributing family workers, female (% of female employment) (modeled ILO estimate)",SL.FAM.WORK.FE.ZS,Sri Lanka,LKA,..,..,..,..,..,..,..,..,..,..,..,..,..,..,..,..,..,..,..,..,..,..,..,..,..,..,..,..,..,..,..,17.1879997253418,20.7019996643066,18.9360008239746,18.7280006408691,19.2350006103516,19.0060005187988,18.5849990844727,27.1000003814697,25.1909999847412,26.8780002593994,21.326000213623,23.3239994049072,21.121000289917,19.7880001068115,18.1180000305176,22.6310005187988,22.2099990844727,23.2430000305176,22.9750003814697,22.9300003051758,23.6509990692139,19.8759994506836,21.1690006256104,21.0580005645752,19.4270000457764,17.7910003662109,18.3729991912842,18.117000579834,17.9169998168945,17.6849994659424
"Contributing family workers, female (% of female employment) (modeled ILO estimate)",SL.FAM.WORK.FE.ZS,South Asia (IDA & IBRD),TSA,..,..,..,..,..,..,..,..,..,..,..,..,..,..,..,..,..,..,..,..,..,..,..,..,..,..,..,..,..,..,..,40.931334999874,40.3979403119572,40.1984204734065,39.7844630647032,39.6322504806648,39.6859550905996,39.5519921647238,39.8720862872877,39.6985842190046,39.2617087337706,39.7951959137657,40.3782581200783,40.7838941841758,41.9565730746003,42.5899151693358,42.0911472844844,41.5200759722029,41.3311739950037,40.4000853680746,39.8801768008039,39.6587621026198,39.1847657083157,38.529013465953,37.4828319013931,36.8710874995621,36.4695477759037,34.854339687563,34.2871774458292,34.0155455281734,33.6693261817493
"Contributing family workers, male (% of male employment) (modeled ILO estimate)",SL.FAM.WORK.MA.ZS,Afghanistan,AFG,..,..,..,..,..,..,..,..,..,..,..,..,..,..,..,..,..,..,..,..,..,..,..,..,..,..,..,..,..,..,..,23.9529991149902,24.3649997711182,24.5109996795654,25.0939998626709,26.0470008850098,25.1760005950928,25.3530006408691,25.4479999542236,25.4939994812012,25.5259990692139,25.4810009002686,26.0590000152588,24.6620006561279,24.2730007171631,24.0620002746582,23.7409992218018,23.6469993591309,23.2029991149902,22.4540004730225,21.132999420166,20.0209999084473,18.9220008850098,17.3439998626709,15.956000328064,14.6780004501343,13.5100002288818,12.4010000228882,12.1049995422363,11.9029998779297,11.6979999542236
"Contributing family workers, male (% of male employment) (modeled ILO estimate)",SL.FAM.WORK.MA.ZS,Bangladesh,BGD,..,..,..,..,..,..,..,..,..,..,..,..,..,..,..,..,..,..,..,..,..,..,..,..,..,..,..,..,..,..,..,16.826000213623,16.3920001983643,15.9169998168945,15.4779996871948,15.003999710083,14.5539999008179,14.1140003204346,13.6339998245239,13.1949996948242,12.7410001754761,12.2379999160767,11.7510004043579,11.2880001068115,10.8819999694824,10.4460000991821,9.93099975585938,9.50899982452393,9.09700012207031,8.76700019836426,8.35999965667725,7.69199991226196,7.07100009918213,6.52099990844727,5.96999979019165,5.45499992370605,4.95100021362305,4.32200002670288,4.0460000038147,3.77500009536743,3.5220000743866
"Contributing family workers, male (% of male employment) (modeled ILO estimate)",SL.FAM.WORK.MA.ZS,Bhutan,BTN,..,..,..,..,..,..,..,..,..,..,..,..,..,..,..,..,..,..,..,..,..,..,..,..,..,..,..,..,..,..,..,54.6129989624023,53.6189994812012,53.060001373291,52.1469993591309,51.5349998474121,50.6720008850098,49.7879981994629,48.9420013427734,48.0200004577637,47.0169982910156,45.9490013122559,44.9150009155273,43.7569999694824,42.4939994812012,41.3040008544922,40.351001739502,39.2540016174316,38.1629981994629,36.693000793457,35.734001159668,36.1059989929199,26.5209999084473,27.3680000305176,27.6100006103516,25.5909996032715,24.636999130249,23.7089996337891,22.8990001678467,22.1860008239746,21.4610004425049
"Contributing family workers, male (% of male employment) (modeled ILO estimate)",SL.FAM.WORK.MA.ZS,Maldives,MDV,..,..,..,..,..,..,..,..,..,..,..,..,..,..,..,..,..,..,..,..,..,..,..,..,..,..,..,..,..,..,..,14.4729995727539,14.0710000991821,13.6540002822876,13.2910003662109,12.826000213623,12.3380002975464,11.8369998931885,11.3020000457764,10.7449998855591,10.2200002670288,9.9689998626709,9.64900016784668,9.75599956512451,8.77700042724609,8.20100021362305,8.71500015258789,7.27199983596802,6.46199989318848,5.59499979019165,5.25699996948242,4.72800016403198,4.19500017166138,3.83100008964539,3.43300008773804,3.01699995994568,2.60599994659424,2.55900001525879,2.52099990844727,2.46099996566772,2.39800000190735
"Contributing family workers, male (% of male employment) (modeled ILO estimate)",SL.FAM.WORK.MA.ZS,Nepal,NPL,..,..,..,..,..,..,..,..,..,..,..,..,..,..,..,..,..,..,..,..,..,..,..,..,..,..,..,..,..,..,..,33.2589988708496,32.8559989929199,32.6259994506836,32.4729995727539,31.8099994659424,31.4440002441406,30.8649997711182,30.1800003051758,29.693000793457,29.1270008087158,28.548999786377,27.9360008239746,27.8229999542236,27.4120006561279,26.9050006866455,26.5030002593994,26.1009998321533,25.7169990539551,24.9820003509521,24.2800006866455,23.3139991760254,22.3819999694824,21.30299949646,20.3780002593994,19.3600006103516,18.7469997406006,18.6350002288818,18.0020008087158,17.6079998016357,17.1840000152588
"Contributing family workers, male (% of male employment) (modeled ILO estimate)",SL.FAM.WORK.MA.ZS,India,IND,..,..,..,..,..,..,..,..,..,..,..,..,..,..,..,..,..,..,..,..,..,..,..,..,..,..,..,..,..,..,..,14.0649995803833,13.9469995498657,13.6040000915527,13.3319997787476,13.2530002593994,13.1260004043579,12.9160003662109,12.9010000228882,12.8280000686646,12.5559997558594,12.7659997940063,12.8819999694824,13.1370000839233,13.1949996948242,13.3229999542236,12.8109998703003,12.3439998626709,11.7080001831055,11.4219999313354,11.0050001144409,10.6920003890991,10.4729995727539,10.0740003585815,9.66499996185303,9.23799991607666,8.80300045013428,8.35700035095215,7.94299983978271,7.63199996948242,7.3600001335144
"Contributing family workers, male (% of male employment) (modeled ILO estimate)",SL.FAM.WORK.MA.ZS,Pakistan,PAK,..,..,..,..,..,..,..,..,..,..,..,..,..,..,..,..,..,..,..,..,..,..,..,..,..,..,..,..,..,..,..,17.7439994812012,17.5109996795654,16.9750003814697,16.701000213623,17.1730003356934,16.7950000762939,14.7980003356934,15.4680004119873,15.3669996261597,16.3509998321533,16.3570003509521,16.1529998779297,15.9610004425049,18.363000869751,18.1690006256104,16.4349994659424,16.5030002593994,17.3209991455078,18.1539993286133,16.6840000152588,15.5799999237061,15.1599998474121,14.7419996261597,13.9860000610352,13.335000038147,15.7840003967285,13.8229999542236,12.0109996795654,11.7340002059937,11.4530000686646
"Contributing family workers, male (% of male employment) (modeled ILO estimate)",SL.FAM.WORK.MA.ZS,Sri Lanka,LKA,..,..,..,..,..,..,..,..,..,..,..,..,..,..,..,..,..,..,..,..,..,..,..,..,..,..,..,..,..,..,..,6.72499990463257,7.11199998855591,6.80800008773804,5.86399984359741,5.14599990844727,6.14300012588501,5.61199998855591,6.84200000762939,6.32399988174438,6.625,5.49900007247925,4.89400005340576,4.74499988555908,4.49700021743774,3.18300008773804,4.6729998588562,4.55900001525879,4.74200010299683,4.63299989700317,4.48799991607666,4.4689998626709,3.83899998664856,3.11400008201599,2.94199991226196,2.96000003814697,2.86100006103516,2.75200009346008,2.65599989891052,2.56800007820129,2.49399995803833
"Contributing family workers, male (% of male employment) (modeled ILO estimate)",SL.FAM.WORK.MA.ZS,South Asia (IDA & IBRD),TSA,..,..,..,..,..,..,..,..,..,..,..,..,..,..,..,..,..,..,..,..,..,..,..,..,..,..,..,..,..,..,..,14.9756819751516,14.8371426081085,14.4788626731548,14.2043185298593,14.1433453324529,13.969055132843,13.5627808091081,13.5715922178413,13.4489030550052,13.291287228865,13.3833685942499,13.3999878686881,13.5186282354383,13.7552953625874,13.7630504251106,13.1584874800701,12.7673809246456,12.3228325876343,12.146735733753,11.6128657631968,11.1714346115999,10.8665520385399,10.4244284231519,9.95432121601935,9.48462745482436,9.35964418144165,8.73034248336794,8.18375263028441,7.89095497807219,7.62908309651722
GDP (current US$),NY.GDP.MKTP.CD,Afghanistan,AFG,537777811.111111,548888895.555556,546666677.777778,751111191.111111,800000044.444444,1006666637.77778,1399999966.66667,1673333417.77778,1373333366.66667,1408888922.22222,1748886595.55556,1831108971.11111,1595555475.55556,1733333264.44444,2155555497.77778,2366666615.55556,2555555566.66667,2953333417.77778,3300000108.88889,3697940409.61098,3641723321.99546,3478787909.09091,..,..,..,..,..,..,..,..,..,..,..,..,..,..,..,..,..,..,..,..,4055179566.34981,4515558808.10994,5226778808.89209,6209137624.77181,6971285594.68013,9747879531.86311,10109225813.6696,12439087076.7667,15856574731.4411,17804292964.1045,20001598505.7042,20561069558.2152,20484885119.7348,19907111418.9938,19362642266.6484,20191760000.0587,19484384936.6312,19101353832.7371,..
GDP (current US$),NY.GDP.MKTP.CD,Bangladesh,BGD,4274893913.49536,4817580183.60155,5081413339.78635,5319458351.16235,5386054619.34987,5906636557.00092,6439687598.32325,7253575399.3215,7483685473.51275,8471006100.95399,8992721809.39332,8751842839.79658,6288245866.66667,8086725729.3407,12512460519.7088,19448348073.4565,10117113333.3333,9651149301.8746,13281767142.8571,15565480321.9448,18138049095.6072,20249694002.448,18525399201.5968,17609048821.5488,18920840000,22278423076.9231,21774033333.3333,24298032258.0645,26579005760.3486,28781714763.8012,31598341233.559,30957483949.5798,31708874594.1645,33166519417.9894,33768660882.793,37939748768.6567,46438484107.5795,48244309133.4895,49984559471.3656,51270569883.5275,53369787318.6245,53991289844.3291,54724081490.5102,60158929188.2556,65108544250.0425,69442943089.4309,71819083683.7403,79611888213.148,91631278239.3237,102477791472.39,115279077465.226,128637938711.386,133355749482.478,149990451022.29,172885454931.453,195078678697.23,221415162445.648,249711052937.012,274039092455.306,302571254131.135,..
GDP (current US$),NY.GDP.MKTP.CD,Bhutan,BTN,..,..,..,..,..,..,..,..,..,..,..,..,..,..,..,..,..,..,..,..,135653295.165394,146391639.722864,148934334.038055,165585940.594059,169264991.197183,172217502.021019,201375725.614592,253182453.703704,283855833.333333,275949889.09427,299787275.842376,250045839.929639,250794359.567901,235239570.350935,270801565.189672,303053462.843047,316420860.852385,365964500.137703,376955087.251575,419035810.496981,424464089.897641,461444513.66815,520849551.532606,604041957.921855,682523857.01677,796938120.181406,874989895.601121,1168308516.63301,1227808790.6733,1234014291.82342,1547991317.81183,1777101316.67756,1781281281.57912,1756215665.09323,1907090813.45907,2003598212.99135,2158972129.00307,2450364928.07302,2446674102.01858,..,..
GDP (current US$),NY.GDP.MKTP.CD,Maldives,MDV,..,..,..,..,..,..,..,..,..,..,..,..,..,..,..,..,..,..,..,..,42463576.1589404,44781456.9536424,47935843.7935844,57829787.2340425,109503546.099291,127154929.577465,141902097.902098,141268980.477223,168610478.359909,189535398.230089,215089005.235602,244468292.682927,284853358.561968,322326642.335766,355884383.08887,398988954.970263,450382327.952421,508223602.37893,540096397.621071,589239753.610875,624337145.284622,870179738.562091,897031250,1052121054.6875,1226829562.5,1163362437.5,1575200390.625,1868383460.9375,2271646187.5,2345294875,2588176054.6875,2774351760.03287,2886170571.69634,3295011381.75405,3697351596.83753,4109424799.72407,4379136461.83077,4735989972.05433,5327457149.72581,5729248472.24028,..
GDP (current US$),NY.GDP.MKTP.CD,Nepal,NPL,508334413.965087,531959561.62226,574091101.194382,496947904.443033,496098775.308642,735267082.294264,906811943.824649,841974025.462659,772228643.405428,788641965.432099,865975308.641975,882765471.604938,1024098804.93827,972101724.995368,1217953546.97604,1575789254.46938,1452792989.10865,1382400000,1604162497.45945,1851250008.33333,1945916583.33333,2275583316.66667,2395429852.43076,2447174803.37791,2581207387.79709,2619913955.51556,2850784523.37711,2957255379.54315,3487009748.35638,3525228153.17361,3627562402.66027,3921476084.89072,3401211581.29176,3660041666.66667,4066775510.20408,4401104417.67068,4521580381.47139,4918691916.53516,4856255044.39064,5033642384.10596,5494252207.90502,6007055042.17687,6050875806.66403,6330473096.54071,7273938314.71988,8130258041.46706,9043715355.8881,10325618017.379,12545438605.3959,12854985464.0764,16002656434.4746,18913574370.76,18851513891.066,19271168018.482,20002968837.9471,21410840908.5198,21185922407.5922,25180583770.2719,29173513475.5597,30641380604.2984,..
GDP (current US$),NY.GDP.MKTP.CD,India,IND,37029883875.4573,39232435784.0946,42161481858.7014,48421923458.7413,56480289940.8261,59554854574.7942,45865462033.91,50134942203.4467,53085455870.8227,58447995016.8493,62422483054.5173,67350988020.9041,71463193830.4064,85515269585.5221,99525899115.7756,98472796457.114,102717164465.894,121487322474.298,137300295308.038,152991653792.864,186325345089.754,193490610032.1,200715145360.918,218262273410.099,212158234164.06,232511877842.041,248985994044.2,279033584092.159,296588994812.059,296042354986.126,320979026419.633,270105341879.226,288208430383.964,279296022987.919,327275583539.559,360281952716.797,392897054348.071,415867753863.874,421351477504.743,458820417337.807,468394937262.37,485441014538.638,514937948870.08,607699285433.872,709148514804.66,820381595512.902,940259888792.141,1216735441524.86,1198895582137.51,1341886602798.69,1675615335600.56,1823050405350.42,1827637859135.7,1856722121394.53,2039127446298.55,2103587817041.78,2294797978291.98,2652754685834.59,2713165057513.35,2875142314811.85,..
GDP (current US$),NY.GDP.MKTP.CD,Pakistan,PAK,3749265014.69971,4118647627.04746,4310163796.72407,4630827383.45233,5204955900.88198,5929231415.37169,6561108777.82444,7464510709.7858,8041999160.0168,8683116337.67325,10027509449.811,10665896682.0664,9415016359.56604,6383429490.21091,8899191919.19192,11230606060.6061,13168080808.0808,15126060606.0606,17811515151.5152,19688383838.3838,23654444444.4444,28100606060.6061,30725971563.981,28691889763.7795,31151825467.4978,31144920844.3272,31899070055.7967,33351529274.6869,38472742808.3167,40171018229.0715,40010423970.4576,45625234697.7094,48884606848.1265,51809949334.2396,52293456906.2665,60636022422.6176,63320122807.1223,62433300338.0941,62191955814.3478,62973855718.8874,82017743416.2841,79484403984.8849,79904985384.8652,91760542940.0717,107759683863.123,120055291992.938,137264061106.043,152385716311.916,170077814106.305,168152775283.032,177165635077.065,213587413183.996,224383620829.57,231218567178.979,244360888750.807,270556131701.171,278654637737.69,304567253219.097,314567541558.339,278221906022.841,..
GDP (current US$),NY.GDP.MKTP.CD,Sri Lanka,LKA,1409873949.57983,1444327731.09244,1434156378.60082,1240672268.90756,1309747899.15966,1698319327.73109,1751470588.23529,1859465020.57613,1801344537.81513,1965546218.48739,2296470588.23529,2369308600.33727,2553936348.40871,2875625000,3574586466.16541,3791298145.50642,3591319857.31272,4104509582.86359,2733183856.50224,3364611432.24149,4024621899.57653,4415844155.84416,4768765016.81884,5167913302.16745,6043474842.76729,5978460972.01767,6405210563.88294,6682167119.56522,6978371581.26375,6987267683.77254,8032551173.24014,9000362581.58086,9703011635.86585,10338679635.7616,11717604208.8223,13029697560.9756,13897738375.2488,15091913883.7091,15794972847.1683,15656327859.5696,16330814179.9766,15749753804.8344,16536535647.0834,18881765437.2151,20662525941.2986,24405791044.7761,28279814924.5918,32350248410.8216,40713812309.7316,42066217871.5349,56725749221.9043,65292753005.4664,68434409315.1123,74317806538.3632,79356449840.5771,80604080688.5775,82401038709.5356,87428125557.573,88425889592.1519,84008783756.068,..
GDP (current US$),NY.GDP.MKTP.CD,South Asia (IDA & IBRD),TSA,47172093787.3014,50333258390.0248,53723107291.0793,60428041357.0686,69181538977.9249,74298708606.8257,62476963477.0646,68735388740.8182,72041947230.4336,79197830852.5328,85739817096.5706,91198574992.9848,91683239018.0801,104815598487.556,126976006269.798,135911848514.718,132651726052.559,153604372185.003,174778829608.019,195756940688.287,236039144469.704,250220927476.369,258876797993.566,274041685077.457,272766689592.131,296607983649.698,314138292882.192,348804397195.786,374801545442.277,378236580071.899,407199618240.665,362272388524.884,384744238020.394,381109482761.826,432336029562.816,479862245751.71,524983483232.182,550725909693.104,558438177755.212,598343804724.095,630429061929.228,645870273837.063,677627487567.085,791002717916.674,917089339402.252,1050585317863.97,1196088039743.31,1504193483987.56,1527472606190.11,1683456769133.31,2060781195903.17,2271837830662.84,2297332203012.9,2357132410757.71,2581822536189.37,2697257683468.99,2924355490449.93,3347019816218.73,3446629610783.08,3597970348647.58,..
GDP growth (annual %),NY.GDP.MKTP.KD.ZG,Afghanistan,AFG,..,..,..,..,..,..,..,..,..,..,..,..,..,..,..,..,..,..,..,..,..,..,..,..,..,..,..,..,..,..,..,..,..,..,..,..,..,..,..,..,..,..,..,8.83227780370231,1.41411798021916,11.2297148388595,5.35740324754602,13.8263195390595,3.92498382284523,21.390528405312,14.3624414596815,0.426354792856571,12.7522870825788,5.60074466131904,2.72454336495028,1.45131465458005,2.2603142045464,2.66529204636834,1.84008854330573,2.90122896413847,..
GDP growth (annual %),NY.GDP.MKTP.KD.ZG,Bangladesh,BGD,..,6.05816082548087,5.45303096987186,-0.455894289938712,10.9527885460418,1.60625822891573,2.56681200128052,-1.87586391964774,9.48945401547951,1.22085790909685,5.61985229280111,-5.47948302721956,-13.9737287020439,3.32568019878394,9.59195630041845,-4.08821409181661,5.66136120119667,2.67305605001984,7.07383773260692,4.80163460055662,0.81914186889891,7.23394369490723,2.13432783577075,3.88104639981715,4.80331001525438,3.34201465415414,4.173382559004,3.77240185252705,2.41625685566223,2.83658212907926,5.62225816160702,3.4852278153552,5.44268555072129,4.71156172449447,3.89012644065643,5.12127789716162,4.52291921762344,4.48989649735631,5.17702687345256,4.67015636827865,5.2932947184604,5.07728777597312,3.83312394005608,4.73956739916446,5.2395329104527,6.53594494052352,6.67190498148148,7.0585993565727,6.01378975923306,5.04512479417738,5.57180227396866,6.46438388047517,6.52143507837333,6.01361036536019,6.06105935903958,6.55263987869203,7.1135024597439,7.28418409195113,7.86370889257542,8.15268494677524,..
GDP growth (annual %),NY.GDP.MKTP.KD.ZG,Bhutan,BTN,..,..,..,..,..,..,..,..,..,..,..,..,..,..,..,..,..,..,..,..,..,13.9077290356395,3.41394147506648,11.3107136184646,4.48210512922348,4.21177503633368,11.7305766311607,28.6962653616001,4.98728969866846,7.43262644625855,10.8764346909589,-0.407875982718124,4.60089093265734,1.9863670349926,4.95150329907017,7.07411740836304,5.56517297396042,5.37383872891277,5.91403047838639,7.98397247538767,6.93302386169421,8.3489544828285,10.992281843751,7.82330236149748,6.00874223613263,7.287249352187,6.99973809500906,18.3608540555453,4.79946061155896,6.74833374849808,11.9458959983757,7.98261704055791,5.11840085800534,2.11997263298215,5.77649568013724,6.64223210535566,8.1270335383894,4.65183467529606,3.02764071925384,..,..
GDP growth (annual %),NY.GDP.MKTP.KD.ZG,Maldives,MDV,..,..,..,..,..,..,..,..,..,..,..,..,..,..,..,..,..,..,..,..,..,..,..,..,..,..,..,..,..,..,..,..,..,..,..,..,7.85864692730055,8.39794082987038,7.49468302465519,6.17565582795811,3.84581039203469,-3.94363435410109,7.26838631331684,13.7500498204898,6.03375404861781,-13.1290534305083,26.1114935010553,7.71386727084702,9.48533266057873,-7.22884146529458,7.26512906840138,8.56673353050461,2.51738394219683,7.28107397899866,7.32962620344684,2.88454852960507,6.33830063626779,6.80366602180543,6.8888171958136,5.21599925714978,..
GDP growth (annual %),NY.GDP.MKTP.KD.ZG,Nepal,NPL,..,1.90826596927236,1.91032003367357,1.89511164336658,7.53244855331717,-1.20318901706183,7.04064314274792,-1.5714974981418,0.675483463917942,4.46342160070982,2.57599212629248,-1.19538330011993,3.11780036344416,-0.476536268362054,6.33359037348711,1.45647070823327,4.39853617983157,3.01697344064642,4.40574138961394,2.36887779436333,-2.31939420324042,8.34197413444542,3.77937465429025,-2.97740585754977,9.68113001523064,6.14490523816743,4.56565054522216,1.69561826463837,7.69680871148999,4.3296479338953,4.63503634705982,6.36815040328669,4.10640661228756,3.84985002161713,8.21600270932667,3.46845188342333,5.32828417450956,5.04861253590236,3.01638948168549,4.41257327097169,6.19999998759771,4.79989214880159,0.120143175249694,3.94503776730633,4.68260324535134,3.47918104631147,3.36461478807166,3.41156027569262,6.1046391423169,4.53307872039284,4.81641465022444,3.42182824087472,4.78119225754814,4.12887767631092,5.98898466088025,3.32290543937557,0.588678498822517,8.22349948315457,6.70099545943441,6.99121243755611,..
GDP growth (annual %),NY.GDP.MKTP.KD.ZG,India,IND,..,3.72274253269815,2.93112773666002,5.99435326095099,7.45295012233009,-2.63577010985357,-0.0553287698314762,7.82596303033039,3.38792917600293,6.53970029627997,5.1572297360829,1.64293038388747,-0.553301312377613,3.29552113522355,1.18533626034041,9.14991201480568,1.66310363661293,7.2547645858358,5.71253208900177,-5.23818270278925,6.73582152799833,6.00620362381754,3.47573324031229,7.28889290124583,3.82073785597366,5.25429922330882,4.77656417048958,3.96535563390583,9.6277829198482,5.94734332826501,5.53345456306511,1.05683143294308,5.48239602167047,4.75077621965237,6.65892406734024,7.57449184032379,7.5495222488198,4.0498208490926,6.18441582090618,8.84575556105509,3.84099115681285,4.82396626390644,3.80397532137577,7.86038147553259,7.92293661286503,7.92343062149763,8.06073257303272,7.66081506504928,3.08669805953289,7.86188883303498,8.49758470158106,5.2413447428854,5.45635895072287,6.38610640094825,7.41022760508852,7.99625344413879,8.25630584417523,7.04382085538124,6.11958684138214,5.02387342771704,..
GDP growth (annual %),NY.GDP.MKTP.KD.ZG,Pakistan,PAK,..,5.98734641929049,4.48285862746644,8.68883151825308,7.56975744905716,10.4193658220132,5.78995180143451,5.40061259720805,7.23322092500229,5.50789963428733,11.3534617181885,0.468372548504135,0.813406404583475,7.06426385694037,3.54019171279734,4.21141563147387,5.15618958985213,3.94769828741471,8.04853361937383,3.75843556853255,10.2157040372709,7.92076357199755,6.53748679998544,6.77837833870643,5.06520560475869,7.59211469875606,5.50165366386091,6.45234302467648,7.62527877959074,4.95976889440858,4.4585868150981,5.06156775497075,7.7058978231079,1.75774769734475,3.73741555244773,4.96260915003217,4.84658128374573,1.01439601418494,2.5502342946353,3.6601327439012,4.26008801156806,3.55441821600166,2.50833772413712,5.77703399201583,7.54686001537084,6.51877807388874,5.89898444129835,4.83281727717085,1.7014054654513,2.83165851919991,1.60668862905307,2.7484059174005,3.50703342009689,4.39645663349772,4.67470798143725,4.73114747532901,5.52673584474448,5.55427743729406,5.83641749754401,0.98882943984708,..
GDP growth (annual %),NY.GDP.MKTP.KD.ZG,Sri Lanka,LKA,..,..,3.81801955804475,2.51674859426929,3.90643383740719,2.53695353505728,5.0237894388105,6.43902441989306,5.8010941668135,7.71681966165517,3.84662985529307,1.30690540231168,-0.410479918822958,7.05739893457458,3.84583083731744,6.12623316500047,3.33510669021624,5.100590267645,5.65383685205222,6.40355692521604,5.8460265156252,5.69952476907687,4.14149569994117,4.81399097113133,5.09914656058612,4.99940636915493,4.3555469169942,1.72561069100101,2.4726850377301,2.29930141383986,6.3999953069393,4.59998724452278,4.39999125185615,6.90006325197233,5.59991872721346,5.50008523205227,3.79996720523084,6.40539969772809,4.69842304623258,4.30054049792376,6.00003316014399,-1.54540813414314,3.96467568566092,5.94026907760478,5.44506127789968,6.24174804465225,7.66829190011271,6.79682611895811,5.9500881450785,3.53891205299132,8.01596737088065,8.404733021011,9.14457224642567,3.39573264983426,4.9607005916973,5.00768330472781,4.48663453096836,3.5781696792194,3.30641741317297,2.283465301232,..
GDP growth (annual %),NY.GDP.MKTP.KD.ZG,South Asia (IDA & IBRD),TSA,..,4.09241143464658,3.30085843213888,5.39702788827002,7.68394162162029,-1.06482405000189,0.94553285286743,6.46383453982875,4.32961960492133,5.94176751637372,5.68804375052927,0.828260815240995,-1.53787292455159,3.73723547653968,2.20326298657842,7.38230689204458,2.38348312203949,6.45633743093489,6.02496849328035,-3.13657646174605,6.50798821553875,6.32961464107827,3.74988585831777,6.77767460988694,4.14052086443341,5.39144475587324,4.80715986855202,4.16227581763708,8.6086402192235,5.48787178031505,5.42904953633625,1.86154264780585,5.70664542860601,4.42570239430169,6.09676809246392,6.98991456293598,6.89537729574685,3.81429849682485,5.63323009800088,7.82688199923847,4.06266978364064,4.49653783778174,3.64741581584013,7.37736429632112,7.57982249906107,7.60213826935652,7.71658378780361,7.33236530155968,3.23768339559629,7.13410760333922,7.70350027632773,5.1375768683086,5.50198593146175,6.08755291082421,6.9926022073596,7.48032878525362,7.7783584677165,6.82865103557285,6.09862149592017,4.83248965949936,..
GDP per capita (constant 2010 US$),NY.GDP.PCAP.KD,Afghanistan,AFG,..,..,..,..,..,..,..,..,..,..,..,..,..,..,..,..,..,..,..,..,..,..,..,..,..,..,..,..,..,..,..,..,..,..,..,..,..,..,..,..,..,..,330.303552908057,343.080889714587,333.216684486798,357.234719908026,365.284494951006,405.548979051796,412.014286663305,488.300250990155,543.303041863931,528.736648057768,576.190125450699,587.565090150176,583.656192833121,574.184114271258,571.073774523561,571.542505760778,568.342871125336,571.466641151464,..
GDP per capita (constant 2010 US$),NY.GDP.PCAP.KD,Bangladesh,BGD,372.031695722991,383.784358473246,393.633450578951,380.95602871826,410.571447191891,404.788059380935,402.302927666992,382.207664244051,405.533607666052,398.949916726982,411.184362801919,380.948608902683,322.33440569941,328.071885895516,353.762503526347,332.888062537241,343.948157012526,344.435566228696,359.090605054417,366.241111288189,359.456257585739,375.427432118736,373.551348204956,378.091928876351,386.061443177345,388.644273789874,394.335068911307,398.588126655912,397.761911676302,398.852110318811,411.164611241749,415.714740930362,428.661017617889,439.23000019415,446.654812655474,459.613367750575,470.274688637274,481.122454006953,495.626754059541,508.385222705121,524.945869703516,541.291660881083,551.903047733547,568.13922556822,588.327258879369,617.542666369303,649.929885115528,687.323085586786,720.357003907352,748.296060456803,781.153593557047,822.188338841729,865.749891053711,907.257418044388,951.314821042494,1002.38873193637,1062.04015786301,1127.27176833347,1203.21626488899,1287.82142528431,..
GDP per capita (constant 2010 US$),NY.GDP.PCAP.KD,Bhutan,BTN,..,..,..,..,..,..,..,..,..,..,..,..,..,..,..,..,..,..,..,..,390.064624576047,432.373602513006,435.852341288037,473.140226800641,481.586238679495,488.04363215967,528.860828438986,659.116769385889,671.308206591616,703.747767464415,767.611544791915,759.006910390263,794.100287777394,812.793616964697,854.160153202913,909.926158205033,948.422014303977,980.832275141018,1015.52122606212,1070.97466294271,1119.76412049589,1187.88985850948,1291.97337140733,1366.81993529366,1424.05305747583,1504.45561555708,1588.53136946711,1859.08623424394,1928.76867961222,2038.56141967339,2258.18314115595,2411.02893205206,2504.5058910519,2526.43366495453,2639.60088264112,2780.81953888315,2970.76650663428,3072.02029929191,3128.00090464634,..,..
GDP per capita (constant 2010 US$),NY.GDP.PCAP.KD,Maldives,MDV,..,..,..,..,..,..,..,..,..,..,..,..,..,..,..,..,..,..,..,..,..,..,..,..,..,..,..,..,..,..,..,..,..,..,..,4599.63773117231,4864.55815797119,5179.96725347503,5472.50832494314,5702.72826638099,5797.6042557965,5434.59971233766,5673.45686156493,6272.3939041638,6467.48160190977,5471.70158271906,6734.42699467905,7087.65368738208,7572.79543550442,6827.64870626618,7076.66242320238,7384.8492111405,7251.67627055564,7436.06179246294,7624.7673782493,7501.54519042946,7631.47187708063,7807.7039970218,8033.32562707311,8209.46468866654,..
GDP per capita (constant 2010 US$),NY.GDP.PCAP.KD,Nepal,NPL,265.962528094802,266.755634805731,267.529238434749,268.19130540454,283.596476524269,275.359719833111,289.480641669693,279.663905454656,276.191681066316,282.894367191982,284.414611417332,275.328883778648,278.065712923972,270.946954771126,281.985014908956,279.928891253856,285.870423063027,288.00698840927,294.008074030018,294.220214424909,280.898978058216,297.383726117784,301.516322051083,285.794721127801,306.293675557655,317.770630864137,324.928504424453,323.237811421687,340.446580819308,347.016666771923,354.257554133963,367.107673977132,371.96946001061,375.889583887909,396.121862952587,399.695074390505,411.190935348899,422.494170259188,426.307901777239,436.55970646999,455.277143233152,469.173656163516,462.546196254031,473.983863772952,489.571766627658,500.206377079092,510.645652913,521.743908009703,547.698793266859,567.905933627147,592.401097450929,612.032557723897,642.520463351456,670.83782652285,711.304347014643,731.9993357351,729.661430049008,779.203968661492,817.779994437794,859.023683445287,..
GDP per capita (constant 2010 US$),NY.GDP.PCAP.KD,India,IND,330.205320101361,335.721343730315,338.611131094939,351.601651106855,370.060435455038,352.889053096396,345.421552178338,364.746616624378,369.219230520794,384.98434640287,396.011695498235,393.531274229317,382.450894969608,385.966286026325,381.539586124733,406.892535091036,404.235132093153,423.740189326556,437.819179065514,405.472642585261,422.903839165045,438.006908081853,442.798501966313,464.176972659049,470.974232214015,484.643703685519,496.639442604994,505.179084372205,542.054234033537,562.296571932742,581.218262295448,575.501547205531,595.013462345002,611.118856748089,639.268754004498,674.619558343919,711.928833661777,727.043180807709,757.934112688248,810.217283197063,826.592493112359,851.616569294484,869.201387421835,922.167960042853,979.283847700059,1040.31231291865,1106.9264701603,1173.87530979278,1192.51173233371,1268.24921034763,1357.56371913262,1410.426304742,1469.17761007839,1544.61924724913,1640.18070024053,1751.6644288593,1875.73216110818,1986.63290974886,2086.45075048673,2169.1401849748,..
GDP per capita (constant 2010 US$),NY.GDP.PCAP.KD,Pakistan,PAK,302.092562158286,312.697310292715,318.86787710544,338.061696697698,354.563544262674,381.585338312193,393.311138887561,403.769743297794,421.606166862821,433.07438359095,469.43773151465,459.063412886481,450.375878601205,469.06748519633,472.155152344231,477.967852819176,487.881822208641,491.962702175197,515.298221395936,517.938770047727,552.615774315192,576.975004590807,594.425194965703,613.721190171117,623.646460979897,649.321163326978,663.288789919701,684.028819727072,713.650944548447,726.661772062352,736.954427973648,752.374549089819,788.067644239587,780.170666499267,787.300281248901,803.577525613943,818.888770261705,803.790861627047,801.14700836275,807.816576591816,820.225640879176,828.230553523091,828.730834172095,856.315957839254,899.947181210454,936.849779624416,969.621801590101,993.551673725814,987.8456798175,993.382943724454,987.409723043923,992.878139474556,1006.07328865598,1028.44108649159,1054.22797401501,1081.29436599486,1117.51755461944,1155.36336715957,1197.91265061769,1185.45677074611,..
GDP per capita (constant 2010 US$),NY.GDP.PCAP.KD,Sri Lanka,LKA,..,585.908397781922,594.144608237657,594.997143584641,603.854711295873,604.638078834956,619.956846341049,644.19769112527,665.584673170177,700.66746328561,711.839326523356,706.316508812936,689.653708389078,724.407659920064,738.343903626262,769.152137855524,780.184569120162,805.007962402417,835.295004151141,873.448224091714,909.324640074542,946.237096575939,970.90740054859,1003.18624715372,1039.54258679059,1076.14294411984,1107.09725385221,1110.29403799889,1121.95834359921,1132.42034061877,1189.66376817847,1229.48903959224,1269.033731093,1342.36937422317,1404.25008969366,1469.43081286744,1514.94018629128,1602.93581373209,1669.77808555787,1732.37865478839,1825.1425217173,1784.19208006351,1840.26015371354,1933.19270324969,2021.30544898445,2130.12840687652,2275.89172757242,2412.68682818023,2538.08761923669,2609.68801158959,2799.64887619972,3014.57874450509,3286.0075942939,3371.18333653065,3505.55045188616,3647.39342128753,3769.15908857863,3860.15030770564,3946.1937438923,4011.68194141576,..
GDP per capita (constant 2010 US$),NY.GDP.PCAP.KD,South Asia (IDA & IBRD),TSA,331.899923246225,338.335897310399,342.160011417284,352.944982844064,371.875260216654,359.909135327088,355.33390279523,369.92703217021,377.34670493126,390.827118003438,403.794565128475,397.995770494318,383.058664203049,388.397503808458,387.923249683693,407.000186057267,407.059242636476,423.252376987354,438.260992421399,414.567173007234,431.197693544415,447.749253557136,453.673263177095,473.137752140681,481.331641984226,495.656736921869,507.707281146245,516.982493016094,549.021814605507,566.394532379325,584.083110926516,582.03648610856,602.013558807467,615.295223030585,639.154042710876,669.794855321234,701.582893451696,713.996512687125,739.655706424431,782.43580310545,799.075199471058,819.755346223138,834.447716873904,880.337170033025,930.93998775879,985.155072808326,1044.16126626214,1103.28858485816,1121.83321385746,1184.31022611746,1257.49943946437,1304.00875135793,1357.60557464947,1421.65402480702,1501.81061405964,1594.05862722424,1696.95237764216,1790.92124914745,1877.57094892515,1945.37233945074,..
"Government expenditure on education, total (% of GDP)",SE.XPD.TOTL.GD.ZS,Afghanistan,AFG,..,..,..,..,..,..,..,..,..,..,..,1.16035997867584,1.11717998981476,1.42788004875183,..,1.30332005023956,..,..,..,1.7398099899292,1.84092998504639,1.90917003154755,1.72997999191284,..,..,..,..,..,..,..,..,..,..,..,..,..,..,..,..,..,..,..,..,..,..,..,..,..,..,..,3.4794499874115,3.4620099067688,2.60419988632202,3.45445990562439,3.69521999359131,3.2558000087738,4.22836017608643,4.0588698387146,..,..,..
"Government expenditure on education, total (% of GDP)",SE.XPD.TOTL.GD.ZS,Bangladesh,BGD,..,..,..,..,..,..,..,..,..,..,..,..,..,..,..,..,..,..,..,1.13092994689941,0.937600016593933,1.07149994373322,1.01163995265961,1.03267002105713,1.22302997112274,1.27118003368378,1.34349000453949,1.51364004611969,..,..,1.51911997795105,1.42566001415253,1.63177001476288,1.69262003898621,..,..,..,1.95246994495392,..,2.13281989097595,2.12508010864258,2.17193007469177,2.01714992523193,2.06939005851746,1.94014000892639,..,2.13128995895386,2.20221996307373,2.0545699596405,1.9394199848175,..,2.13269996643066,2.17549991607666,1.96616005897522,..,..,1.53553998470306,..,..,1.32632005214691,..
"Government expenditure on education, total (% of GDP)",SE.XPD.TOTL.GD.ZS,Bhutan,BTN,..,..,..,..,..,..,..,..,..,..,..,..,..,..,..,..,..,..,..,..,..,..,..,..,..,..,..,..,..,..,..,..,..,..,..,..,..,..,..,..,5.51379013061523,5.91572999954224,..,..,6.60906982421875,7.28714990615845,..,..,4.91159009933472,4.74174022674561,4.12473011016846,4.76523017883301,..,5.72275018692017,6.04489994049072,7.59009981155396,6.99333000183105,7.2257399559021,6.85084009170532,..,..
"Government expenditure on education, total (% of GDP)",SE.XPD.TOTL.GD.ZS,Maldives,MDV,..,..,..,..,..,..,..,..,..,..,..,..,..,..,..,..,..,..,..,..,..,..,..,..,..,..,..,..,..,..,..,..,..,..,..,..,..,..,..,..,..,..,5.79186010360718,5.32406997680664,4.66160011291504,5.0168399810791,4.64523983001709,4.41788005828857,4.470290184021,5.77493000030518,4.11746978759766,3.50659990310669,3.76038002967834,3.80012011528015,3.47045993804932,4.36654996871948,4.09970998764038,..,..,..,..
"Government expenditure on education, total (% of GDP)",SE.XPD.TOTL.GD.ZS,Nepal,NPL,..,..,..,..,..,..,..,..,..,..,..,..,..,..,..,..,..,..,..,..,..,..,..,..,..,..,..,..,..,..,..,..,..,..,..,..,..,..,2.89287996292114,2.89331007003784,2.9751501083374,3.70837998390198,3.15283989906311,3.11435008049011,3.17194008827209,3.3646399974823,3.60536003112793,3.51721000671387,3.8051700592041,4.6637601852417,3.63172006607056,3.84261989593506,3.76116991043091,3.47464990615845,3.99302005767822,3.70358991622925,4.44098997116089,5.51837015151978,5.10206985473633,..,..
"Government expenditure on education, total (% of GDP)",SE.XPD.TOTL.GD.ZS,India,IND,..,..,..,..,..,..,..,..,..,..,..,..,..,..,..,..,..,..,..,..,..,..,..,..,..,..,..,..,..,..,..,..,..,..,..,..,..,3.3613600730896,3.57256007194519,4.41539001464844,4.32479000091553,..,..,3.61340999603271,3.35254001617432,3.18875002861023,3.14284992218018,..,..,3.27824997901917,3.377690076828,3.79618000984192,3.8675000667572,3.84467005729675,..,..,..,..,..,..,..
"Government expenditure on education, total (% of GDP)",SE.XPD.TOTL.GD.ZS,Pakistan,PAK,..,..,..,..,..,..,..,..,..,..,..,1.65421998500824,1.56881999969482,1.83042001724243,1.88065004348755,1.98008000850677,2.23794007301331,2.14983010292053,2.20418000221252,2.19807004928589,2.13094997406006,1.97245001792908,2.01366996765137,1.99576997756958,2.06984996795654,2.43543004989624,2.67812991142273,2.97745990753174,..,2.36382007598877,2.51680994033813,2.56676006317139,2.54967999458313,2.38644003868103,2.58930993080139,2.79531002044678,2.81057000160217,3.02230000495911,..,2.61149001121521,1.83782005310059,..,..,..,1.76759004592896,2.04972004890442,2.39550995826721,2.63527011871338,2.74622988700867,2.59078001976013,2.28687000274658,2.22175002098084,2.13628005981445,2.49343991279602,2.46592998504639,2.6500198841095,3.00291991233826,2.89951992034912,..,..,..
"Government expenditure on education, total (% of GDP)",SE.XPD.TOTL.GD.ZS,Sri Lanka,LKA,..,..,..,..,..,..,..,..,..,..,..,..,..,3.31640005111694,..,2.74454998970032,..,..,..,2.56743001937866,2.7041699886322,2.44220995903015,2.55850005149841,2.39060997962952,2.16526007652283,2.5761399269104,2.805419921875,2.64433002471924,2.82635998725891,2.7551600933075,2.41092991828918,2.91558003425598,..,..,3.10853004455566,2.95760011672974,3.34360003471375,..,3.05141997337341,..,..,..,..,..,..,..,..,..,..,2.05590009689331,1.71774005889893,1.80860996246338,1.49617004394531,1.62107002735138,1.93288004398346,2.22874999046326,3.44919991493225,2.79924988746643,2.12420988082886,..,..
"Government expenditure on education, total (% of GDP)",SE.XPD.TOTL.GD.ZS,South Asia (IDA & IBRD),TSA,..,..,..,..,..,..,..,..,..,..,..,..,..,1.83042001724243,..,1.98008000850677,..,..,..,1.96894001960755,1.98593997955322,1.94081002473831,1.8718249797821,1.99576997756958,2.06984996795654,2.43543004989624,2.67812991142273,2.64433002471924,..,..,2.41092991828918,2.56676006317139,..,..,..,..,..,3.02230000495911,3.05141997337341,2.75240004062653,2.55011510848999,..,..,3.11435008049011,2.55604004859924,3.18875002861023,2.76917994022369,2.63527011871338,2.74622988700867,2.59078001976013,3.377690076828,2.84187996387482,2.38984990119934,2.97394990921021,3.08057498931885,2.95290994644165,3.44919991493225,3.47919487953186,..,..,..
"Literacy rate, adult female (% of females ages 15 and above)",SE.ADT.LITR.FE.ZS,Afghanistan,AFG,..,..,..,..,..,..,..,..,..,..,..,..,..,..,..,..,..,..,..,4.98746013641357,..,..,..,..,..,..,..,..,..,..,..,..,..,..,..,..,..,..,..,..,..,..,..,..,..,..,..,..,..,..,..,17.0178394317627,..,..,..,..,..,..,29.8052101135254,..,..
"Literacy rate, adult female (% of females ages 15 and above)",SE.ADT.LITR.FE.ZS,Bangladesh,BGD,..,..,..,..,..,..,..,..,..,..,..,..,..,..,..,..,..,..,..,..,..,17.9716300964355,..,..,..,..,..,..,..,..,..,25.8389797210693,..,..,..,..,..,..,..,..,..,40.8233489990234,..,..,..,..,..,43.7408485412598,..,..,..,55.1194381713867,54.2360382080078,57.7890014648438,57.8609313964844,62.2529907226563,69.8972091674805,70.0857009887695,71.1819381713867,71.9483871459961,..
"Literacy rate, adult female (% of females ages 15 and above)",SE.ADT.LITR.FE.ZS,Bhutan,BTN,..,..,..,..,..,..,..,..,..,..,..,..,..,..,..,..,..,..,..,..,..,..,..,..,..,..,..,..,..,..,..,..,..,..,..,..,..,..,..,..,..,..,..,..,..,38.6806602478027,..,..,..,..,..,..,45.2045097351074,..,..,..,..,57.0836181640625,..,..,..
"Literacy rate, adult female (% of females ages 15 and above)",SE.ADT.LITR.FE.ZS,Maldives,MDV,..,..,..,..,..,..,..,..,..,..,..,..,..,..,..,..,..,82.1781616210938,..,..,..,..,..,..,..,92.3590087890625,..,..,..,..,96.1460113525391,..,..,..,..,96.4429779052734,..,..,..,..,..,..,..,..,..,..,98.4298477172852,..,..,..,..,..,..,..,98.6916732788086,..,98.1147079467773,..,..,..,..
"Literacy rate, adult female (% of females ages 15 and above)",SE.ADT.LITR.FE.ZS,Nepal,NPL,..,..,..,..,..,..,..,..,..,..,..,..,..,..,..,..,..,..,..,..,..,9.15312004089355,..,..,..,..,..,..,..,..,..,17.3817901611328,..,..,..,..,..,..,..,..,..,34.8867607116699,..,..,..,..,..,..,..,..,..,48.837589263916,..,..,..,..,..,..,59.7244300842285,..,..
"Literacy rate, adult female (% of females ages 15 and above)",SE.ADT.LITR.FE.ZS,India,IND,..,..,..,..,..,..,..,..,..,..,..,..,..,..,..,..,..,..,..,..,..,25.6762504577637,..,..,..,..,..,..,..,..,..,33.7295303344727,..,..,..,..,..,..,..,..,..,47.842098236084,..,..,..,..,50.8237609863281,..,..,..,..,59.2773208618164,..,..,..,..,..,..,65.7908096313477,..,..
"Literacy rate, adult female (% of females ages 15 and above)",SE.ADT.LITR.FE.ZS,Pakistan,PAK,..,..,..,..,..,..,..,..,..,..,..,..,..,..,..,..,..,..,..,..,..,14.7715501785278,..,..,..,..,..,..,..,..,..,..,..,..,..,..,..,..,29.0438404083252,..,..,..,..,..,..,35.3675193786621,39.6132316589355,38.4577598571777,40.0811805725098,40.3146209716797,41.0155296325684,41.9753913879395,43.071891784668,41.9749412536621,44.2834205627441,..,..,46.4676704406738,..,..,..
"Literacy rate, adult female (% of females ages 15 and above)",SE.ADT.LITR.FE.ZS,Sri Lanka,LKA,..,..,..,..,..,..,..,..,..,..,..,..,..,..,..,..,..,..,..,..,..,82.02197265625,..,..,..,..,..,..,..,..,..,..,..,..,..,..,..,..,..,..,..,89.1357574462891,..,..,..,..,89.0913467407227,..,89.0734710693359,..,89.9586791992188,..,..,..,..,..,91.4861068725586,90.9707412719727,90.7956008911133,..,..
"Literacy rate, adult female (% of females ages 15 and above)",SE.ADT.LITR.FE.ZS,South Asia (IDA & IBRD),TSA,..,..,..,..,..,..,..,..,..,..,..,..,..,..,..,21.4267196655273,21.4368095397949,22.1717891693115,22.9213409423828,23.6772193908691,24.4223308563232,24.6553802490234,25.9127998352051,26.7042198181152,27.5063209533691,28.3202590942383,29.1446094512939,29.9807395935059,29.9594097137451,30.8726596832275,31.7686405181885,32.4329605102539,33.5533294677734,34.4697799682617,35.3998413085938,36.354808807373,37.3318099975586,38.3171310424805,42.8932189941406,43.9023590087891,44.9304313659668,45.7140617370605,46.9660415649414,47.8342895507813,48.8632583618164,48.053050994873,49.336181640625,49.878978729248,51.6854095458984,52.7036285400391,55.7265014648438,56.8343086242676,57.4677581787109,58.4543800354004,59.4637413024902,60.5553703308105,62.1380500793457,63.0527687072754,63.7201614379883,64.6446914672852,..
"Literacy rate, adult male (% of males ages 15 and above)",SE.ADT.LITR.MA.ZS,Afghanistan,AFG,..,..,..,..,..,..,..,..,..,..,..,..,..,..,..,..,..,..,..,30.3077507019043,..,..,..,..,..,..,..,..,..,..,..,..,..,..,..,..,..,..,..,..,..,..,..,..,..,..,..,..,..,..,..,45.4170989990234,..,..,..,..,..,..,55.4754486083984,..,..
"Literacy rate, adult male (% of males ages 15 and above)",SE.ADT.LITR.MA.ZS,Bangladesh,BGD,..,..,..,..,..,..,..,..,..,..,..,..,..,..,..,..,..,..,..,..,..,39.7322998046875,..,..,..,..,..,..,..,..,..,44.314281463623,..,..,..,..,..,..,..,..,..,53.8960914611816,..,..,..,..,..,49.8323287963867,..,..,..,62.4830589294434,61.5428695678711,64.2137680053711,64.3650894165039,68.0553588867188,75.6188507080078,75.7023620605469,76.6692581176758,77.4414901733398,..
"Literacy rate, adult male (% of males ages 15 and above)",SE.ADT.LITR.MA.ZS,Bhutan,BTN,..,..,..,..,..,..,..,..,..,..,..,..,..,..,..,..,..,..,..,..,..,..,..,..,..,..,..,..,..,..,..,..,..,..,..,..,..,..,..,..,..,..,..,..,..,65.0477828979492,..,..,..,..,..,..,66.003059387207,..,..,..,..,75.0198516845703,..,..,..
"Literacy rate, adult male (% of males ages 15 and above)",SE.ADT.LITR.MA.ZS,Maldives,MDV,..,..,..,..,..,..,..,..,..,..,..,..,..,..,..,..,..,82.4048461914063,..,..,..,..,..,..,..,92.114013671875,..,..,..,..,95.8971328735352,..,..,..,..,96.212272644043,..,..,..,..,..,..,..,..,..,..,98.3656921386719,..,..,..,..,..,..,..,98.5203399658203,..,97.2989273071289,..,..,..,..
"Literacy rate, adult male (% of males ages 15 and above)",SE.ADT.LITR.MA.ZS,Nepal,NPL,..,..,..,..,..,..,..,..,..,..,..,..,..,..,..,..,..,..,..,..,..,31.6727504730225,..,..,..,..,..,..,..,..,..,49.2200202941895,..,..,..,..,..,..,..,..,..,62.7080116271973,..,..,..,..,..,..,..,..,..,71.708381652832,..,..,..,..,..,..,78.5913391113281,..,..
"Literacy rate, adult male (% of males ages 15 and above)",SE.ADT.LITR.MA.ZS,India,IND,..,..,..,..,..,..,..,..,..,..,..,..,..,..,..,..,..,..,..,..,..,54.8410186767578,..,..,..,..,..,..,..,..,..,61.641918182373,..,..,..,..,..,..,..,..,..,73.4118576049805,..,..,..,..,75.1919021606445,..,..,..,..,78.8772277832031,..,..,..,..,..,..,82.3667068481445,..,..
"Literacy rate, adult male (% of males ages 15 and above)",SE.ADT.LITR.MA.ZS,Pakistan,PAK,..,..,..,..,..,..,..,..,..,..,..,..,..,..,..,..,..,..,..,..,..,35.3806495666504,..,..,..,..,..,..,..,..,..,..,..,..,..,..,..,..,55.2966117858887,..,..,..,..,..,..,64.0604782104492,67.6518402099609,65.0049362182617,68.866096496582,68.6276168823242,68.9006118774414,66.9911422729492,69.8582229614258,68.6293411254883,69.0668106079102,..,..,71.1159973144531,..,..,..
"Literacy rate, adult male (% of males ages 15 and above)",SE.ADT.LITR.MA.ZS,Sri Lanka,LKA,..,..,..,..,..,..,..,..,..,..,..,..,..,..,..,..,..,..,..,..,..,91.3483963012695,..,..,..,..,..,..,..,..,..,..,..,..,..,..,..,..,..,..,..,92.2702026367188,..,..,..,..,92.7136535644531,..,92.2439270019531,..,92.5784683227539,..,..,..,..,..,93.4558868408203,92.9805526733398,92.7729263305664,..,..
"Literacy rate, adult male (% of males ages 15 and above)",SE.ADT.LITR.MA.ZS,South Asia (IDA & IBRD),TSA,..,..,..,..,..,..,..,..,..,..,..,..,..,..,..,49.9416885375977,49.9593315124512,50.5481796264648,51.1083908081055,51.6183090209961,52.1358909606934,51.9708786010742,53.1279106140137,53.6479797363281,54.1579399108887,54.6607513427734,55.1471405029297,55.629150390625,57.084529876709,57.6954803466797,58.2714881896973,58.3313293457031,59.857250213623,60.897029876709,61.5289993286133,62.1688385009766,62.8070487976074,63.4441604614258,68.6054992675781,69.1388931274414,69.6803894042969,69.8562698364258,70.7300033569336,71.6434097290039,72.1770324707031,72.5454406738281,72.5769424438477,72.8914566040039,74.7773666381836,75.2964477539063,75.7161712646484,75.840690612793,76.5397720336914,77.0527114868164,77.5051727294922,78.2688064575195,79.3809585571289,79.8610610961914,80.3054809570313,80.8053970336914,..
,,,,,,,,,,,,,,,,,,,,,,,,,,,,,,,,,,,,,,,,,,,,,,,,,,,,,,,,,,,,,,,,
,,,,,,,,,,,,,,,,,,,,,,,,,,,,,,,,,,,,,,,,,,,,,,,,,,,,,,,,,,,,,,,,
,,,,,,,,,,,,,,,,,,,,,,,,,,,,,,,,,,,,,,,,,,,,,,,,,,,,,,,,,,,,,,,,
Data from database: Gender Statistics,,,,,,,,,,,,,,,,,,,,,,,,,,,,,,,,,,,,,,,,,,,,,,,,,,,,,,,,,,,,,,,,
Last Updated: 10/08/2020,,,,,,,,,,,,,,,,,,,,,,,,,,,,,,,,,,,,,,,,,,,,,,,,,,,,,,,,,,,,,,,,
